leg_index,point_index,grid_x,grid_y,world_x_m,world_y_m,segment_length_m,cumulative_length_m
0,0,56,33,0.0050000000000003375,-0.014999999999999902,0.0,0.0
0,1,55,32,-0.044999999999999485,-0.06499999999999995,0.07071067811865477,0.07071067811865477
0,2,54,31,-0.09499999999999975,-0.11499999999999977,0.07071067811865477,0.14142135623730953
0,3,53,30,-0.14499999999999957,-0.1649999999999998,0.07071067811865477,0.21213203435596428
0,4,53,29,-0.14499999999999957,-0.21499999999999986,0.05,0.26213203435596427
1,0,53,29,-0.14499999999999957,-0.21499999999999986,0.0,0.0
1,1,54,30,-0.09499999999999975,-0.1649999999999998,0.07071067811865477,0.07071067811865477
1,2,55,31,-0.044999999999999485,-0.11499999999999977,0.07071067811865477,0.14142135623730953
1,3,55,32,-0.044999999999999485,-0.06499999999999995,0.05,0.19142135623730955
1,4,55,33,-0.044999999999999485,-0.014999999999999902,0.05,0.24142135623730954
1,5,55,34,-0.044999999999999485,0.03500000000000014,0.05,0.2914213562373095
1,6,55,35,-0.044999999999999485,0.08500000000000019,0.05,0.3414213562373095
1,7,55,36,-0.044999999999999485,0.13500000000000023,0.05,0.3914213562373095
1,8,55,37,-0.044999999999999485,0.18500000000000005,0.05,0.4414213562373095
1,9,56,38,0.0050000000000003375,0.2350000000000001,0.07071067811865477,0.5121320343559642
1,10,57,39,0.05500000000000016,0.28500000000000014,0.07071067811865477,0.5828427124746189
1,11,58,40,0.10500000000000043,0.33499999999999996,0.07071067811865477,0.6535533905932737
1,12,59,41,0.15500000000000025,0.38500000000000023,0.07071067811865477,0.7242640687119284
1,13,60,42,0.20500000000000052,0.43500000000000005,0.07071067811865477,0.7949747468305831
1,14,60,43,0.20500000000000052,0.4850000000000003,0.05,0.8449747468305832
1,15,61,44,0.25500000000000034,0.5350000000000001,0.07071067811865477,0.9156854249492379
2,0,61,44,0.25500000000000034,0.5350000000000001,0.0,0.0
2,1,62,43,0.30500000000000016,0.4850000000000003,0.07071067811865477,0.07071067811865477
2,2,63,42,0.3550000000000004,0.43500000000000005,0.07071067811865477,0.14142135623730953
2,3,63,41,0.3550000000000004,0.38500000000000023,0.05,0.19142135623730955
2,4,64,40,0.40500000000000025,0.33499999999999996,0.07071067811865477,0.2621320343559643
2,5,65,40,0.4550000000000005,0.33499999999999996,0.05,0.3121320343559643
2,6,66,39,0.5050000000000003,0.28500000000000014,0.07071067811865477,0.3828427124746191
2,7,67,39,0.5550000000000002,0.28500000000000014,0.05,0.4328427124746191
2,8,68,39,0.6050000000000004,0.28500000000000014,0.05,0.4828427124746191
2,9,69,39,0.6550000000000002,0.28500000000000014,0.05,0.5328427124746191
2,10,70,39,0.7050000000000005,0.28500000000000014,0.05,0.5828427124746192
2,11,71,39,0.7550000000000003,0.28500000000000014,0.05,0.6328427124746192
2,12,72,39,0.8050000000000002,0.28500000000000014,0.05,0.6828427124746193
2,13,73,39,0.8550000000000004,0.28500000000000014,0.05,0.7328427124746193
2,14,74,39,0.9050000000000002,0.28500000000000014,0.05,0.7828427124746193
2,15,75,39,0.9550000000000005,0.28500000000000014,0.05,0.8328427124746194
2,16,76,39,1.0050000000000003,0.28500000000000014,0.05,0.8828427124746194
2,17,77,40,1.0550000000000002,0.33499999999999996,0.07071067811865477,0.9535533905932742
2,18,78,40,1.1050000000000004,0.33499999999999996,0.05,1.003553390593274
2,19,79,40,1.1550000000000002,0.33499999999999996,0.05,1.0535533905932741
3,0,79,40,1.1550000000000002,0.33499999999999996,0.0,0.0
3,1,80,41,1.2050000000000005,0.38500000000000023,0.07071067811865477,0.07071067811865477
3,2,81,42,1.2550000000000003,0.43500000000000005,0.07071067811865477,0.14142135623730953
3,3,81,43,1.2550000000000003,0.4850000000000003,0.05,0.19142135623730955
3,4,82,44,1.3050000000000002,0.5350000000000001,0.07071067811865477,0.2621320343559643
3,5,83,45,1.355,0.585,0.07071067811865477,0.3328427124746191
3,6,84,46,1.4050000000000007,0.6350000000000002,0.07071067811865477,0.4035533905932739
3,7,85,47,1.4550000000000005,0.685,0.07071067811865477,0.47426406871192867
3,8,86,48,1.5050000000000003,0.7350000000000003,0.07071067811865477,0.5449747468305834
3,9,87,49,1.5550000000000002,0.7850000000000001,0.07071067811865477,0.6156854249492382
3,10,88,50,1.605,0.8350000000000004,0.07071067811865477,0.6863961030678929
3,11,89,51,1.6550000000000007,0.8850000000000002,0.07071067811865477,0.7571067811865476
4,0,89,51,1.6550000000000007,0.8850000000000002,0.0,0.0
4,1,88,50,1.605,0.8350000000000004,0.07071067811865477,0.07071067811865477
4,2,87,49,1.5550000000000002,0.7850000000000001,0.07071067811865477,0.14142135623730953
4,3,86,48,1.5050000000000003,0.7350000000000003,0.07071067811865477,0.21213203435596428
4,4,85,47,1.4550000000000005,0.685,0.07071067811865477,0.28284271247461906
4,5,84,46,1.4050000000000007,0.6350000000000002,0.07071067811865477,0.35355339059327384
4,6,83,45,1.355,0.585,0.07071067811865477,0.4242640687119286
4,7,82,44,1.3050000000000002,0.5350000000000001,0.07071067811865477,0.4949747468305834
4,8,81,43,1.2550000000000003,0.4850000000000003,0.07071067811865477,0.5656854249492381
4,9,80,42,1.2050000000000005,0.43500000000000005,0.07071067811865477,0.6363961030678928
4,10,79,41,1.1550000000000002,0.38500000000000023,0.07071067811865477,0.7071067811865476
4,11,78,40,1.1050000000000004,0.33499999999999996,0.07071067811865477,0.7778174593052023
4,12,77,39,1.0550000000000002,0.28500000000000014,0.07071067811865477,0.848528137423857
4,13,76,38,1.0050000000000003,0.2350000000000001,0.07071067811865477,0.9192388155425117
4,14,75,37,0.9550000000000005,0.18500000000000005,0.07071067811865477,0.9899494936611665
4,15,75,36,0.9550000000000005,0.13500000000000023,0.05,1.0399494936611664
4,16,75,35,0.9550000000000005,0.08500000000000019,0.05,1.0899494936611664
4,17,75,34,0.9550000000000005,0.03500000000000014,0.05,1.1399494936611665
4,18,75,33,0.9550000000000005,-0.014999999999999902,0.05,1.1899494936611665
4,19,75,32,0.9550000000000005,-0.06499999999999995,0.05,1.2399494936611666
4,20,75,31,0.9550000000000005,-0.11499999999999977,0.05,1.2899494936611666
4,21,75,30,0.9550000000000005,-0.1649999999999998,0.05,1.3399494936611667
4,22,75,29,0.9550000000000005,-0.21499999999999986,0.05,1.3899494936611667
4,23,75,28,0.9550000000000005,-0.2649999999999999,0.05,1.4399494936611668
4,24,75,27,0.9550000000000005,-0.31499999999999995,0.05,1.4899494936611668
4,25,75,26,0.9550000000000005,-0.36499999999999977,0.05,1.5399494936611668
4,26,75,25,0.9550000000000005,-0.4149999999999998,0.05,1.589949493661167
4,27,75,24,0.9550000000000005,-0.46499999999999986,0.05,1.639949493661167
4,28,74,23,0.9050000000000002,-0.5149999999999999,0.07071067811865477,1.7106601717798218
4,29,74,22,0.9050000000000002,-0.565,0.05,1.7606601717798218
5,0,74,22,0.9050000000000002,-0.565,0.0,0.0
5,1,73,22,0.8550000000000004,-0.565,0.05,0.05
5,2,72,22,0.8050000000000002,-0.565,0.05,0.1
5,3,71,22,0.7550000000000003,-0.565,0.05,0.15000000000000002
5,4,70,22,0.7050000000000005,-0.565,0.05,0.2
5,5,69,22,0.6550000000000002,-0.565,0.05,0.25
5,6,68,22,0.6050000000000004,-0.565,0.05,0.3
5,7,67,22,0.5550000000000002,-0.565,0.05,0.35
5,8,66,22,0.5050000000000003,-0.565,0.05,0.39999999999999997
5,9,65,22,0.4550000000000005,-0.565,0.05,0.44999999999999996
5,10,64,22,0.40500000000000025,-0.565,0.05,0.49999999999999994
5,11,63,22,0.3550000000000004,-0.565,0.05,0.5499999999999999
5,12,62,22,0.30500000000000016,-0.565,0.05,0.6
5,13,61,22,0.25500000000000034,-0.565,0.05,0.65
5,14,60,22,0.20500000000000052,-0.565,0.05,0.7000000000000001
5,15,59,21,0.15500000000000025,-0.615,0.07071067811865477,0.7707106781186548
5,16,58,20,0.10500000000000043,-0.6649999999999998,0.07071067811865477,0.8414213562373095
5,17,57,19,0.05500000000000016,-0.7149999999999999,0.07071067811865477,0.9121320343559642
5,18,56,18,0.0050000000000003375,-0.7649999999999999,0.07071067811865477,0.982842712474619
5,19,55,18,-0.044999999999999485,-0.7649999999999999,0.05,1.032842712474619
5,20,54,18,-0.09499999999999975,-0.7649999999999999,0.05,1.082842712474619
5,21,53,18,-0.14499999999999957,-0.7649999999999999,0.05,1.132842712474619
5,22,52,18,-0.19499999999999984,-0.7649999999999999,0.05,1.182842712474619
5,23,51,18,-0.24499999999999966,-0.7649999999999999,0.05,1.232842712474619
5,24,50,18,-0.2949999999999995,-0.7649999999999999,0.05,1.2828427124746191
5,25,49,18,-0.34499999999999975,-0.7649999999999999,0.05,1.3328427124746192
5,26,48,18,-0.3949999999999996,-0.7649999999999999,0.05,1.3828427124746192
5,27,47,18,-0.44499999999999984,-0.7649999999999999,0.05,1.4328427124746193
5,28,46,18,-0.49499999999999966,-0.7649999999999999,0.05,1.4828427124746193
5,29,45,18,-0.5449999999999999,-0.7649999999999999,0.05,1.5328427124746193
5,30,44,18,-0.5949999999999998,-0.7649999999999999,0.05,1.5828427124746194
5,31,43,18,-0.6449999999999996,-0.7649999999999999,0.05,1.6328427124746194
5,32,42,18,-0.6949999999999998,-0.7649999999999999,0.05,1.6828427124746195
5,33,41,18,-0.7449999999999997,-0.7649999999999999,0.05,1.7328427124746195
5,34,40,18,-0.7949999999999999,-0.7649999999999999,0.05,1.7828427124746196
5,35,39,18,-0.8449999999999998,-0.7649999999999999,0.05,1.8328427124746196
5,36,38,18,-0.8949999999999998,-0.7649999999999999,0.05,1.8828427124746197
5,37,37,18,-0.9449999999999998,-0.7649999999999999,0.05,1.9328427124746197
5,38,36,19,-0.9949999999999997,-0.7149999999999999,0.07071067811865477,2.0035533905932743
5,39,35,19,-1.0449999999999997,-0.7149999999999999,0.05,2.053553390593274
5,40,34,20,-1.0949999999999998,-0.6649999999999998,0.07071067811865477,2.1242640687119287
5,41,33,21,-1.1449999999999998,-0.615,0.07071067811865477,2.1949747468305834
5,42,32,22,-1.1949999999999998,-0.565,0.07071067811865477,2.265685424949238
5,43,32,23,-1.1949999999999998,-0.5149999999999999,0.05,2.315685424949238
6,0,32,23,-1.1949999999999998,-0.5149999999999999,0.0,0.0
6,1,32,24,-1.1949999999999998,-0.46499999999999986,0.05,0.05
6,2,32,25,-1.1949999999999998,-0.4149999999999998,0.05,0.1
6,3,32,26,-1.1949999999999998,-0.36499999999999977,0.05,0.15000000000000002
6,4,32,27,-1.1949999999999998,-0.31499999999999995,0.05,0.2
6,5,32,28,-1.1949999999999998,-0.2649999999999999,0.05,0.25
6,6,32,29,-1.1949999999999998,-0.21499999999999986,0.05,0.3
6,7,32,30,-1.1949999999999998,-0.1649999999999998,0.05,0.35
6,8,32,31,-1.1949999999999998,-0.11499999999999977,0.05,0.39999999999999997
6,9,32,32,-1.1949999999999998,-0.06499999999999995,0.05,0.44999999999999996
6,10,32,33,-1.1949999999999998,-0.014999999999999902,0.05,0.49999999999999994
6,11,32,34,-1.1949999999999998,0.03500000000000014,0.05,0.5499999999999999
6,12,31,35,-1.2449999999999997,0.08500000000000019,0.07071067811865477,0.6207106781186547
6,13,30,36,-1.2949999999999997,0.13500000000000023,0.07071067811865477,0.6914213562373094
6,14,29,37,-1.3449999999999998,0.18500000000000005,0.07071067811865477,0.7621320343559641
6,15,28,38,-1.3949999999999998,0.2350000000000001,0.07071067811865477,0.8328427124746188
6,16,27,39,-1.4449999999999998,0.28500000000000014,0.07071067811865477,0.9035533905932736
6,17,26,40,-1.4949999999999997,0.33499999999999996,0.07071067811865477,0.9742640687119283
6,18,26,41,-1.4949999999999997,0.38500000000000023,0.05,1.0242640687119282
6,19,25,42,-1.5449999999999997,0.43500000000000005,0.07071067811865477,1.094974746830583
6,20,25,43,-1.5449999999999997,0.4850000000000003,0.05,1.144974746830583
6,21,24,44,-1.5949999999999998,0.5350000000000001,0.07071067811865477,1.215685424949238
6,22,24,45,-1.5949999999999998,0.585,0.05,1.265685424949238
6,23,23,46,-1.6449999999999998,0.6350000000000002,0.07071067811865477,1.3363961030678928
6,24,23,47,-1.6449999999999998,0.685,0.05,1.3863961030678928
