base_x_m,base_y_m,map_x_m,map_y_m,grid_x,grid_y
0.28,-0.06,0.7954163056034262,0.14056349186104045,72,36
0.28,-0.045,0.7848097038856281,0.15117009357883868,72,36
0.28,-0.03,0.7742031021678298,0.16177669529663688,71,37
0.28,-0.015,0.7635965004500317,0.1723832970144351,71,37
0.28,0.0,0.7529898987322334,0.1829898987322333,71,37
0.28,0.015,0.7423832970144352,0.19359650045003152,71,37
0.28,0.03,0.731776695296637,0.20420310216782975,71,37
0.28,0.045,0.7211700935788388,0.21480970388562795,70,38
0.28,0.06,0.7105634918610406,0.22541630560342618,70,38
